<?xml version="1.0" encoding="UTF-8"?>

<!-- 
 * security.xml
 *
 * Copyright (C) 2018 Universidad de Sevilla
 * 
 * The use of this project is hereby constrained to the conditions of the 
 * TDG Licence, a copy of which you may download from 
 * http://www.tdg-seville.info/License.html
 -->

<beans xmlns="http://www.springframework.org/schema/beans"
	xmlns:xsi="http://www.w3.org/2001/XMLSchema-instance" xmlns:security="http://www.springframework.org/schema/security"	
	xsi:schemaLocation="
		http://www.springframework.org/schema/beans http://www.springframework.org/schema/beans/spring-beans-4.0.xsd		
        http://www.springframework.org/schema/security http://www.springframework.org/schema/security/spring-security-3.2.xsd
    ">

	<!-- Security infrastructure -->

	<bean id="loginService" class="security.LoginService" />

	<bean id="passwordEncoder"
		class="org.springframework.security.authentication.encoding.Md5PasswordEncoder" />

	<!-- Access control -->

	<security:http auto-config="true" use-expressions="true">
		<security:intercept-url pattern="/" access="permitAll" /> 

		<security:intercept-url pattern="/favicon.ico" access="permitAll" /> 
		<security:intercept-url pattern="/images/**" access="permitAll" /> 
		<security:intercept-url pattern="/scripts/**" access="permitAll" /> 
		<security:intercept-url pattern="/styles/**" access="permitAll" /> 

		<security:intercept-url pattern="/views/misc/index.jsp" access="permitAll" /> 

		<security:intercept-url pattern="/security/login.do" access="permitAll" /> 
		<security:intercept-url pattern="/security/register.do" access="permitAll" />  
		<security:intercept-url pattern="/tutorial/AllTutorials.do" access="permitAll" /> 
		<security:intercept-url pattern="/tutorial/showTutorialHW.do" access="permitAll" />
		<security:intercept-url pattern="/tutorial/showTutorialPictureHW.do" access="permitAll" />
		<security:intercept-url pattern="/tutorial/showTutorialSectionHW.do" access="permitAll" />
		<security:intercept-url pattern="/tutorial/showTutorialSponsorshipHW.do" access="permitAll" />
		<security:intercept-url pattern="/security/loginFailure.do" access="permitAll" /> 

		<security:intercept-url pattern="/welcome/index.do" access="permitAll" /> 
		<security:intercept-url pattern="/suspiciousActor/administrator/list.do" access="hasRole('ADMIN')" /> 
		<security:intercept-url pattern="/suspiciousActor/administrator/editAdministrator.do" access="hasRole('ADMIN')" /> 
		<security:intercept-url pattern="/suspiciousActor/administrator/editCustomer.do" access="hasRole('ADMIN')" /> 
		<security:intercept-url pattern="/suspiciousActor/administrator/editHandyWorker.do" access="hasRole('ADMIN')" /> 
		<security:intercept-url pattern="/suspiciousActor/administrator/editSponsor.do" access="hasRole('ADMIN')" /> 
		<security:intercept-url pattern="/suspiciousActor/administrator/editReferee.do" access="hasRole('ADMIN')" /> 
		
		
		<security:intercept-url pattern="/administrator/create.do" access="hasRole('ADMIN')" /> 
		<security:intercept-url pattern="/referee/administrator/create.do" access="hasRole('ADMIN')" /> 
		<security:intercept-url pattern="/referee/administrator/edit.do" access="hasRole('ADMIN')" /> 
		<security:intercept-url pattern="/administrator/edit.do" access="hasRole('ADMIN')" /> 
		<security:intercept-url pattern="/administrator/dashboard.do" access="hasRole('ADMIN')" /> 
	
		<security:intercept-url pattern="/administrator/action-2.do" access="hasRole('ADMIN')" /> 
		<security:intercept-url pattern="/referee/administrator/action-2.do" access="hasRole('ADMIN')" /> 
		<security:intercept-url pattern="/category/administrator/list.do" access="hasRole('ADMIN')" /> 
		<security:intercept-url pattern="/category/administrator/create.do" access="hasRole('ADMIN')" /> 
		<security:intercept-url pattern="/category/administrator/editByName.do" access="hasRole('ADMIN')" /> 
		
		<security:intercept-url pattern="/category/administrator/show.do" access="hasRole('ADMIN')" /> 
		<security:intercept-url pattern="/category/administrator/edit.do" access="hasRole('ADMIN')" /> 
		<security:intercept-url pattern="/warranty/administrator/list.do" access="hasRole('ADMIN')" /> 
		<security:intercept-url pattern="/warranty/administrator/create.do" access="hasRole('ADMIN')" />
		<security:intercept-url pattern="/warranty/administrator/edit.do" access="hasRole('ADMIN')" /> 
		<security:intercept-url pattern="/warranty/administrator/show.do" access="hasRole('ADMIN')" />  
		<security:intercept-url pattern="/warranty/administrator/delete.do" access="hasRole('ADMIN')" />
		<security:intercept-url pattern="/credit-card-type/administrator/list.do" access="hasRole('ADMIN')" /> 		 
		<security:intercept-url pattern="/spam-word/administrator/list.do" access="hasRole('ADMIN')" />
		<security:intercept-url pattern="/word/administrator/list.do" access="hasRole('ADMIN')" />
		
		
		<security:intercept-url pattern="/complaint/customer/**" access="hasRole('CUSTOMER')" /> 
		<security:intercept-url pattern="/complaint/referee/**" access="hasRole('REFEREE')" /> 
		<security:intercept-url pattern="/report/referee/**" access="hasRole('REFEREE')" /> 
		<security:intercept-url pattern="/note/referee/**" access="hasRole('REFEREE')" /> 
		<security:intercept-url pattern="/application/handyWorker,customer/**" access="hasAnyRole('HANDYWORKER','CUSTOMER')" /> 
  		<security:intercept-url pattern="/finder/handyWorker/**" access="hasRole('HANDYWORKER')" />		
		<security:intercept-url pattern="/fixUpTask/customer/**" access="hasRole('CUSTOMER')" />

		<security:intercept-url pattern="/creditCard/customer,sponsor/**" access="hasAnyRole('CUSTOMER','SPONSOR')" /> 
		
		<security:intercept-url pattern="/curricula/handyWorker/**" access="hasRole('HANDYWORKER')" /> 
  <security:intercept-url pattern="/educationRecord/handyWorker/**" access="hasRole('HANDYWORKER')" /> 
  <security:intercept-url pattern="/professionalRecord/handyWorker/**" access="hasRole('HANDYWORKER')" /> 
  <security:intercept-url pattern="/miscellaneousRecord/handyWorker/**" access="hasRole('HANDYWORKER')" /> 
  <security:intercept-url pattern="/endorserRecord/handyWorker/**" access="hasRole('HANDYWORKER')" /> 
  <security:intercept-url pattern="/personalRecord/handyWorker/**" access="hasRole('HANDYWORKER')" /> 
    <security:intercept-url pattern="/phase/handyWorker/**" access="hasRole('HANDYWORKER')" /> 
		
			
		<security:intercept-url pattern="/picture/handyWorker/**" access="hasRole('HANDYWORKER')" />
		<security:intercept-url pattern="/section/handyWorker/**" access="hasRole('HANDYWORKER')" />
		
		<security:intercept-url pattern="/finder/handy-worker/show.do" access="hasRole('HANDYWORKER')" />
		<security:intercept-url pattern="/finder/handy-worker/list.do" access="hasRole('HANDYWORKER')" /> 
		<security:intercept-url pattern="/tutorial/handyWorker/**" access="hasRole('HANDYWORKER')" /> 
		<security:intercept-url pattern="/finder/handy-worker/save.do" access="hasRole('HANDYWORKER')" /> 
		<security:intercept-url pattern="/fix-up-task/handy-worker/list.do" access="hasRole('HANDYWORKER')" />
		<security:intercept-url pattern="/fix-up-task/handy-worker/show.do" access="hasRole('HANDYWORKER')" />
		<security:intercept-url pattern="/fix-up-task/handy-worker/customer-data.do" access="hasRole('HANDYWORKER')" />
		<security:intercept-url pattern="/fix-up-task/handy-worker/customer-data-profile.do" access="hasRole('HANDYWORKER')" />

		<security:intercept-url pattern="/fix-up-task/customer/**" access="hasRole('CUSTOMER')" />
		<security:intercept-url pattern="/fix-up-task/customer/create.do" access="hasRole('CUSTOMER')" /> 
		<security:intercept-url pattern="/fix-up-task/customer/list.do" access="hasRole('CUSTOMER')" /> 
		<security:intercept-url pattern="/fix-up-task/customer/show.do" access="hasRole('CUSTOMER')" /> 
		<security:intercept-url pattern="/fix-up-task/customer/delete.do" access="hasRole('CUSTOMER')" /> 
		<security:intercept-url pattern="/fix-up-task/customer/edit.do" access="hasRole('CUSTOMER')" /> 
		<security:intercept-url pattern="/customer/action-1.do" access="hasRole('CUSTOMER')" /> 
		<security:intercept-url pattern="/customer/action-2.do" access="hasRole('CUSTOMER')" /> 
		
		<security:intercept-url pattern="/sponsorship/sponsor/list.do" access="hasRole('SPONSOR')" /> 
		<security:intercept-url pattern="/sponsorship/sponsor/create.do" access="hasRole('SPONSOR')" />
		<security:intercept-url pattern="/sponsorship/sponsor/edit.do" access="hasRole('SPONSOR')" />
		
		<security:intercept-url pattern="/endorsement/customer/**" access="hasRole('CUSTOMER')"/>
		<security:intercept-url pattern="/endorsement/customer/list.do" access="hasRole('CUSTOMER')"/>
		<security:intercept-url pattern="/endorsement/customer/edit.do" access="hasRole('CUSTOMER')"/>
		<security:intercept-url pattern="/endorsement/customer/show.do" access="hasRole('CUSTOMER')"/>
		<security:intercept-url pattern="/endorsement/customer/delete.do" access="hasRole('CUSTOMER')"/>		
		<security:intercept-url pattern="/endorsement/customer/create.do" access="hasRole('CUSTOMER')"/>
		
		<security:intercept-url pattern="/endorsement/handy-worker/**" access="hasRole('HANDYWORKER')"/>
		<security:intercept-url pattern="/endorsement/handy-worker/list.do" access="hasRole('HANDYWORKER')"/>
		<security:intercept-url pattern="/endorsement/handy-worker/edit.do" access="hasRole('HANDYWORKER')"/>
		<security:intercept-url pattern="/endorsement/handy-worker/show.do" access="hasRole('HANDYWORKER')"/>
		<security:intercept-url pattern="/endorsement/handy-worker/delete.do" access="hasRole('HANDYWORKER')"/>		
		<security:intercept-url pattern="/endorsement/handy-worker/create.do" access="hasRole('HANDYWORKER')"/>		
			
		
		<security:intercept-url pattern="/messageBox/actor/list.do" access="hasRole('ADMIN') or hasRole('HANDYWORKER') or hasRole('CUSTOMER') or hasRole('SPONSOR') or hasRole('REFEREE')"/> 
		<security:intercept-url pattern="/messageBox/actor/edit.do" access="hasRole('ADMIN') or hasRole('HANDYWORKER') or hasRole('CUSTOMER') or hasRole('SPONSOR') or hasRole('REFEREE')"/> 
		<security:intercept-url pattern="/messageBox/actor/create.do" access="hasRole('ADMIN') or hasRole('HANDYWORKER') or hasRole('CUSTOMER') or hasRole('SPONSOR') or hasRole('REFEREE')" /> 
		
		<security:intercept-url pattern="/message/actor/list.do" access="hasRole('ADMIN') or hasRole('HANDYWORKER') or hasRole('CUSTOMER') or hasRole('SPONSOR') or hasRole('REFEREE')" /> 		
		<security:intercept-url pattern="/message/actor/show.do" access="hasRole('ADMIN') or hasRole('HANDYWORKER') or hasRole('CUSTOMER') or hasRole('SPONSOR') or hasRole('REFEREE')"/> 		
		<security:intercept-url pattern="/message/actor/delete.do" access="hasRole('ADMIN') or hasRole('HANDYWORKER') or hasRole('CUSTOMER') or hasRole('SPONSOR') or hasRole('REFEREE')" /> 		
		
		<security:intercept-url pattern="/profile/personal-datas.do" access="hasRole('ADMIN') or hasRole('HANDYWORKER') or hasRole('CUSTOMER') or hasRole('SPONSOR') or hasRole('REFEREE')" /> 
		<security:intercept-url pattern="/profile/edit-administrator.do" access="hasRole('ADMIN')" /> 
		<security:intercept-url pattern="/profile/edit-referee.do" access="hasRole('REFEREE')" /> 
		<security:intercept-url pattern="/profile/edit-sponsor.do" access="hasRole('SPONSOR')" /> 
		<security:intercept-url pattern="/profile/edit-customer.do" access="hasRole('CUSTOMER')" /> 
		<security:intercept-url pattern="/profile/edit-handyWorker.do" access="hasRole('HANDYWORKER')" /> 
		
		
		<security:intercept-url pattern="/message/actor/send.do" access="hasRole('ADMIN') or hasRole('HANDYWORKER') or hasRole('CUSTOMER') or hasRole('SPONSOR') or hasRole('REFEREE')"/> 
		<security:intercept-url pattern="/profileSocial/actor/list.do" access="hasRole('ADMIN') or hasRole('HANDYWORKER') or hasRole('CUSTOMER') or hasRole('SPONSOR') or hasRole('REFEREE')" /> 
		<security:intercept-url pattern="/profileSocial/actor/create.do" access="hasRole('ADMIN') or hasRole('HANDYWORKER') or hasRole('CUSTOMER') or hasRole('SPONSOR') or hasRole('REFEREE')" /> 
		<security:intercept-url pattern="/profileSocial/actor/edit.do" access="hasRole('ADMIN') or hasRole('HANDYWORKER') or hasRole('CUSTOMER') or hasRole('SPONSOR') or hasRole('REFEREE')" /> 
		
		<security:intercept-url pattern="/sponsor/create.do" access="isAnonymous()" />
		<security:intercept-url pattern="/sponsor/action-2.do" access="isAnonymous()" /> 
		<security:intercept-url pattern="/sponsor/edit.do" access="isAnonymous()" /> 
		<security:intercept-url pattern="/handy-worker/create.do" access="isAnonymous()" />
		<security:intercept-url pattern="/handy-worker/action-2.do" access="isAnonymous()" /> 
		<security:intercept-url pattern="/handy-worker/edit.do" access="isAnonymous()" /> 
		<security:intercept-url pattern="/customer/create.do" access="isAnonymous()" />
		<security:intercept-url pattern="/customer/action-2.do" access="isAnonymous()" /> 
		<security:intercept-url pattern="/customer/edit.do" access="isAnonymous()" /> 
		
	 
		<security:intercept-url pattern="/welcome/ban.do" access="hasRole('ADMIN_BAN') or hasRole('HANDY_WORKER_BAN') or hasRole('CUSTOMER_BAN') or hasRole('SPONSOR_BAN') or hasRole('REFEREE_BAN')" /> 
		
	
		<security:intercept-url pattern="/**" access="hasRole('NONE')" />

		<security:form-login 
			login-page="/security/login.do"
			password-parameter="password" 
			username-parameter="username"
			authentication-failure-url="/security/loginFailure.do" />

		<security:logout 
			logout-success-url="/" 
			invalidate-session="true" />
	</security:http>

</beans>